{
  "country": "BE",
  "dev": {
    "n_samples": 5040,
    "MASE": 1.0081559119700214,
    "sMAPE": 5.67952492984156,
    "MSE": 655581.360335941,
    "RMSE": 809.6797887658682,
    "MAPE": 5.622875214694351,
    "Coverage_80%": 85.83333333333333
  },
  "test": {
    "n_samples": 5040,
    "MASE": 0.855803041954559,
    "sMAPE": 5.430857814715409,
    "MSE": 463464.4825123072,
    "RMSE": 680.7822577831381,
    "MAPE": 5.385252722495496,
    "Coverage_80%": 88.17460317460318
  }
}