{
  "country": "DK",
  "dev": {
    "n_samples": 5039,
    "MASE": 1.0079916203950416,
    "sMAPE": 5.760981082305334,
    "MSE": 130079.56540883741,
    "RMSE": 360.6654480385353,
    "MAPE": 5.740275272020206,
    "Coverage_80%": 89.20420718396507
  },
  "test": {
    "n_samples": 5041,
    "MASE": 0.8532443347650528,
    "sMAPE": 5.290641897067093,
    "MSE": 92883.73254550771,
    "RMSE": 304.7683260207788,
    "MAPE": 5.27062505652559,
    "Coverage_80%": 89.30767704820472
  }
}