{
  "country": "NL",
  "dev": {
    "n_samples": 5040,
    "MASE": 0.9027231392995928,
    "sMAPE": 5.536713679910829,
    "MSE": 1440698.4849814181,
    "RMSE": 1200.291000125144,
    "MAPE": 5.525952051293739,
    "Coverage_80%": 87.14285714285714
  },
  "test": {
    "n_samples": 5040,
    "MASE": 0.8319837569309247,
    "sMAPE": 6.003208650736639,
    "MSE": 1118696.2958704939,
    "RMSE": 1057.684402773575,
    "MAPE": 6.017669839252862,
    "Coverage_80%": 89.88095238095238
  }
}